class,predicted_size,is_anomaly,confidence
normal,1276.2,Yes,0.81
normal,1278.04,Yes,0.83
normal,436.27,Yes,0.71
anomaly,314.41,Yes,0.69
normal,328.92,Yes,0.73
normal,70.7,Yes,0.7
normal,154.87,Yes,0.83
normal,76.32,No,0.72
normal,1290.16,Yes,0.84
normal,1292.0,Yes,0.84
normal,1292.0,Yes,0.84
normal,1292.0,Yes,0.87
normal,1292.0,Yes,0.84
normal,1292.0,Yes,0.87
normal,1292.0,Yes,0.84
normal,1292.0,Yes,0.87
normal,1292.0,Yes,0.87
normal,1292.0,Yes,0.87
normal,1292.0,Yes,0.87
normal,1292.0,Yes,0.84
normal,1292.0,Yes,0.84
normal,1292.0,Yes,0.87
normal,1292.0,Yes,0.84
normal,1292.0,Yes,0.85
normal,1292.0,Yes,0.75
normal,1292.0,Yes,0.72
normal,1292.0,Yes,0.72
normal,1292.0,Yes,0.67
normal,1292.0,Yes,0.67
anomaly,1292.0,Yes,0.67
normal,1292.0,Yes,0.67
normal,1292.0,Yes,0.67
normal,1292.0,Yes,0.72
normal,1292.0,Yes,0.67
normal,1292.0,Yes,0.72
normal,74.65,Yes,0.65
normal,1292.0,Yes,0.7
normal,1292.0,Yes,0.7
normal,1292.0,Yes,0.72
normal,74.49,Yes,0.62
normal,1292.0,Yes,0.72
normal,1292.0,Yes,0.72
normal,74.73,Yes,0.58
normal,1292.0,Yes,0.67
normal,1292.0,Yes,0.72
normal,1292.0,Yes,0.7
normal,1292.0,Yes,0.7
normal,1292.0,Yes,0.67
normal,1292.0,Yes,0.75
normal,1292.0,Yes,0.72
normal,1292.0,Yes,0.75
normal,74.65,Yes,0.66
normal,66.36,Yes,0.67
normal,1292.0,Yes,0.75
normal,1292.0,Yes,0.64
normal,75.66,Yes,0.52
anomaly,75.68,Yes,0.82
normal,1292.0,Yes,0.72
normal,75.58,Yes,0.64
normal,1292.0,Yes,0.75
normal,1292.0,Yes,0.75
normal,1292.0,Yes,0.75
normal,1292.0,Yes,0.72
normal,1292.0,Yes,0.75
normal,76.18,Yes,0.61
normal,1292.0,Yes,0.75
normal,1292.0,Yes,0.75
normal,1292.0,Yes,0.75
normal,1292.0,Yes,0.75
normal,1292.0,Yes,0.75
normal,1292.0,Yes,0.75
normal,75.58,Yes,0.67
normal,1292.0,Yes,0.72
normal,1292.0,Yes,0.72
normal,330.93,Yes,0.69
normal,331.53,Yes,0.69
normal,1292.0,Yes,0.72
normal,1292.0,Yes,0.72
anomaly,1292.0,Yes,0.69
anomaly,1292.0,Yes,0.69
anomaly,1292.0,Yes,0.69
normal,1292.0,Yes,0.67
anomaly,1292.0,Yes,0.69
normal,1292.0,Yes,0.72
normal,1292.0,Yes,0.72
normal,1292.0,Yes,0.72
normal,1292.0,Yes,0.72
normal,1292.0,Yes,0.72
normal,1292.0,Yes,0.72
normal,1292.0,Yes,0.72
normal,1292.0,Yes,0.75
normal,331.46,Yes,0.72
normal,1292.0,Yes,0.72
normal,75.62,Yes,0.67
normal,1292.0,Yes,0.72
normal,1292.0,Yes,0.72
normal,1292.0,Yes,0.72
normal,1292.0,Yes,0.75
normal,1292.0,Yes,0.75
normal,1292.0,Yes,0.75
normal,1292.0,Yes,0.72
normal,75.58,Yes,0.67
normal,1292.0,Yes,0.72
normal,1292.0,Yes,0.72
normal,1292.0,Yes,0.72
normal,1292.0,Yes,0.75
normal,1292.0,Yes,0.75
normal,1292.0,Yes,0.75
normal,75.58,Yes,0.67
normal,1292.0,Yes,0.75
normal,1292.0,Yes,0.72
normal,1292.0,Yes,0.75
normal,1292.0,Yes,0.75
normal,1292.0,Yes,0.75
normal,1292.0,Yes,0.72
normal,1292.0,Yes,0.75
normal,1292.0,Yes,0.72
normal,1292.0,Yes,0.75
normal,1292.0,Yes,0.75
normal,1292.0,Yes,0.72
normal,1292.0,Yes,0.72
normal,1292.0,Yes,0.72
normal,76.18,Yes,0.61
normal,76.22,Yes,0.64
normal,1292.0,Yes,0.72
normal,1292.0,Yes,0.72
normal,1292.0,Yes,0.72
normal,1292.0,Yes,0.75
normal,1292.0,Yes,0.72
normal,1292.0,Yes,0.75
normal,1292.0,Yes,0.75
normal,1292.0,Yes,0.75
normal,1292.0,Yes,0.75
normal,1292.0,Yes,0.75
normal,1292.0,Yes,0.75
normal,1292.0,Yes,0.72
normal,1292.0,Yes,0.75
normal,1292.0,Yes,0.75
normal,1292.0,Yes,0.75
normal,1292.0,Yes,0.72
normal,1292.0,Yes,0.75
normal,76.22,Yes,0.64
normal,1292.0,Yes,0.75
normal,1292.0,Yes,0.75
normal,1292.0,Yes,0.75
normal,1292.0,Yes,0.75
normal,1292.0,Yes,0.72
normal,1292.0,Yes,0.72
normal,1292.0,Yes,0.67
normal,75.58,Yes,0.63
normal,1292.0,Yes,0.75
normal,1292.0,Yes,0.75
normal,76.22,Yes,0.64
normal,1292.0,Yes,0.72
normal,1292.0,Yes,0.75
normal,1292.0,Yes,0.75
normal,1292.0,Yes,0.75
normal,1292.0,Yes,0.75
normal,1292.0,Yes,0.75
normal,1292.0,Yes,0.75
normal,1292.0,Yes,0.75
normal,1292.0,Yes,0.75
normal,1292.0,Yes,0.75
anomaly,1267.04,Yes,0.64
normal,1278.04,Yes,0.78
anomaly,364.42,Yes,0.68
normal,155.44,Yes,0.81
normal,76.21,No,0.71
normal,66.61,Yes,0.79
normal,1280.8,Yes,0.86
normal,1282.64,Yes,0.83
normal,1282.64,Yes,0.83
normal,1282.92,Yes,0.86
normal,1292.0,Yes,0.86
normal,1292.0,Yes,0.78
anomaly,1292.0,Yes,0.63
normal,1292.0,Yes,0.87
normal,1292.0,Yes,0.87
normal,1292.0,Yes,0.84
normal,1292.0,Yes,0.84
normal,1292.0,Yes,0.87
normal,1292.0,Yes,0.84
normal,1292.0,Yes,0.84
normal,1292.0,Yes,0.87
normal,1292.0,Yes,0.84
normal,1292.0,Yes,0.78
normal,1292.0,Yes,0.84
normal,1292.0,Yes,0.84
normal,1292.0,Yes,0.84
normal,1292.0,Yes,0.87
normal,1292.0,Yes,0.84
normal,1292.0,Yes,0.84
normal,1292.0,Yes,0.84
normal,1292.0,Yes,0.87
normal,1292.0,Yes,0.82
normal,1292.0,Yes,0.73
anomaly,1292.0,Yes,0.69
normal,1292.0,Yes,0.72
normal,1292.0,Yes,0.75
normal,1292.0,Yes,0.72
normal,1292.0,Yes,0.72
normal,1292.0,Yes,0.75
normal,1292.0,Yes,0.75
normal,1292.0,Yes,0.72
normal,1292.0,Yes,0.72
anomaly,1292.0,Yes,0.66
normal,1292.0,Yes,0.72
normal,1292.0,Yes,0.72
normal,1292.0,Yes,0.72
normal,1292.0,Yes,0.75
normal,1292.0,Yes,0.72
normal,1292.0,Yes,0.72
normal,1292.0,Yes,0.75
normal,1292.0,Yes,0.72
normal,1292.0,Yes,0.72
anomaly,1292.0,Yes,0.68
anomaly,1292.0,Yes,0.66
normal,1292.0,Yes,0.72
normal,74.69,Yes,0.69
normal,1292.0,Yes,0.72
normal,1292.0,Yes,0.72
normal,1292.0,Yes,0.67
normal,74.51,Yes,0.61
normal,74.65,Yes,0.65
normal,1292.0,Yes,0.72
normal,1292.0,Yes,0.67
anomaly,1292.0,Yes,0.66
normal,1292.0,Yes,0.72
normal,74.65,Yes,0.65
normal,74.65,Yes,0.65
normal,1292.0,Yes,0.72
anomaly,1292.0,Yes,0.69
anomaly,1292.0,Yes,0.69
anomaly,76.24,Yes,0.85
anomaly,1292.0,Yes,0.69
anomaly,76.24,Yes,0.85
anomaly,1292.0,Yes,0.69
anomaly,1292.0,Yes,0.69
anomaly,1292.0,Yes,0.67
normal,1292.0,Yes,0.72
normal,1292.0,Yes,0.72
normal,1292.0,Yes,0.75
normal,1292.0,Yes,0.67
normal,1292.0,Yes,0.75
normal,1292.0,Yes,0.72
normal,1292.0,Yes,0.72
normal,1292.0,Yes,0.72
normal,1292.0,Yes,0.75
normal,1292.0,Yes,0.75
normal,75.58,Yes,0.63
normal,1292.0,Yes,0.75
anomaly,1292.0,Yes,0.67
normal,1292.0,Yes,0.67
normal,66.36,Yes,0.67
normal,1292.0,Yes,0.75
normal,1292.0,Yes,0.75
normal,1292.0,Yes,0.72
normal,1292.0,Yes,0.72
normal,1292.0,Yes,0.72
normal,1292.0,Yes,0.75
normal,1292.0,Yes,0.75
normal,1292.0,Yes,0.72
normal,1292.0,Yes,0.72
normal,1292.0,Yes,0.72
normal,75.62,Yes,0.67
normal,1292.0,Yes,0.72
normal,1292.0,Yes,0.72
normal,1292.0,Yes,0.75
normal,1287.44,Yes,0.75
normal,1292.0,Yes,0.72
normal,1292.0,Yes,0.72
normal,1292.0,Yes,0.72
normal,1292.0,Yes,0.72
normal,1292.0,Yes,0.75
normal,75.62,Yes,0.67
normal,1292.0,Yes,0.72
normal,1292.0,Yes,0.75
normal,1292.0,Yes,0.75
normal,1292.0,Yes,0.75
normal,1292.0,Yes,0.75
normal,1292.0,Yes,0.72
anomaly,1292.0,Yes,0.67
anomaly,1292.0,Yes,0.69
anomaly,1292.0,Yes,0.69
anomaly,1292.0,Yes,0.69
anomaly,1292.0,Yes,0.68
normal,1292.0,Yes,0.67
normal,1292.0,Yes,0.75
normal,1292.0,Yes,0.72
anomaly,1292.0,Yes,0.69
anomaly,1292.0,Yes,0.68
normal,1292.0,Yes,0.72
normal,1292.0,Yes,0.67
normal,1292.0,Yes,0.72
normal,1292.0,Yes,0.75
normal,1292.0,Yes,0.75
normal,1292.0,Yes,0.75
normal,1292.0,Yes,0.75
normal,1292.0,Yes,0.75
normal,1292.0,Yes,0.72
anomaly,76.04,Yes,0.85
normal,1292.0,Yes,0.72
normal,1292.0,Yes,0.75
normal,1292.0,Yes,0.75
normal,350.32,Yes,0.71
normal,1292.0,Yes,0.75
normal,1292.0,Yes,0.75
normal,1292.0,Yes,0.72
normal,1292.0,Yes,0.75
normal,1292.0,Yes,0.75
anomaly,1292.0,Yes,0.66
normal,1292.0,Yes,0.75
normal,1292.0,Yes,0.75
normal,1292.0,Yes,0.72
normal,1292.0,Yes,0.75
normal,1292.0,Yes,0.72
normal,1292.0,Yes,0.75
normal,76.22,Yes,0.64
normal,1292.0,Yes,0.72
normal,1292.0,Yes,0.75
normal,1292.0,Yes,0.75
anomaly,1292.0,Yes,0.66
normal,1292.0,Yes,0.75
normal,1292.0,Yes,0.72
normal,1292.0,Yes,0.72
normal,81.12,Yes,0.64
normal,1292.0,Yes,0.72
normal,1292.0,Yes,0.75
normal,1292.0,Yes,0.72
normal,1292.0,Yes,0.72
normal,159.26,Yes,0.72
normal,1287.4,Yes,0.76
anomaly,1292.0,Yes,0.68
normal,1292.0,Yes,0.75
normal,1292.0,Yes,0.75
normal,1292.0,Yes,0.75
normal,65.9,Yes,0.66
normal,65.9,Yes,0.67
normal,111.73,Yes,0.73
normal,65.9,Yes,0.71
normal,65.9,Yes,0.71
normal,65.9,Yes,0.67
normal,65.9,Yes,0.71
normal,68.68,Yes,0.54
normal,153.86,Yes,0.72
normal,68.52,Yes,0.7
normal,103.86,Yes,0.66
normal,105.6,Yes,0.71
normal,159.26,Yes,0.72
normal,1287.4,Yes,0.76
normal,1287.4,Yes,0.7
normal,1287.4,Yes,0.76
normal,1287.4,Yes,0.76
normal,1287.4,Yes,0.76
anomaly,1287.4,Yes,0.65
normal,1033.64,Yes,0.76
normal,65.86,Yes,0.72
normal,65.9,Yes,0.71
normal,65.9,Yes,0.71
normal,65.9,Yes,0.67
normal,65.9,Yes,0.67
anomaly,68.89,Yes,0.78
normal,68.73,Yes,0.7
normal,65.9,Yes,0.71
normal,65.9,Yes,0.71
normal,156.48,Yes,0.89
normal,68.42,Yes,0.82
anomaly,159.5,Yes,0.64
anomaly,1278.04,Yes,0.63
normal,1278.04,Yes,0.78
anomaly,1278.04,Yes,0.65
normal,1278.04,Yes,0.83
normal,1278.04,Yes,0.83
normal,1278.04,Yes,0.86
normal,66.09,Yes,0.84
normal,66.14,Yes,0.84
normal,66.14,Yes,0.83
normal,1024.6,Yes,0.86
normal,66.15,Yes,0.78
normal,155.78,Yes,0.89
normal,68.55,Yes,0.8
anomaly,161.54,Yes,0.65
normal,1278.04,Yes,0.81
normal,1278.04,Yes,0.84
normal,1278.04,Yes,0.83
normal,1278.04,Yes,0.86
normal,1278.04,Yes,0.83
normal,82.79,Yes,0.78
anomaly,66.28,Yes,0.72
normal,66.14,Yes,0.83
normal,66.14,Yes,0.78
normal,155.78,Yes,0.88
normal,68.48,Yes,0.8
normal,103.05,Yes,0.8
normal,66.21,Yes,0.84
normal,176.57,Yes,0.8
normal,1278.04,Yes,0.84
normal,1278.04,Yes,0.86
anomaly,1278.04,Yes,0.63
normal,1278.04,Yes,0.86
normal,1278.04,Yes,0.83
normal,1278.04,Yes,0.86
normal,66.09,Yes,0.84
normal,1278.32,Yes,0.83
normal,1287.4,Yes,0.86
normal,66.17,Yes,0.83
normal,342.21,Yes,0.85
normal,66.26,Yes,0.83
normal,66.37,Yes,0.78
normal,66.36,Yes,0.84
normal,152.95,Yes,0.8
normal,68.66,Yes,0.8
normal,1278.24,Yes,0.83
normal,1287.4,Yes,0.83
normal,1287.4,Yes,0.83
anomaly,1292.0,Yes,0.84
anomaly,1502.0,Yes,0.84
normal,78.0,Yes,0.91
normal,1502.0,Yes,0.93
normal,1502.0,Yes,0.93
normal,1502.0,Yes,0.93
normal,1292.0,Yes,0.95
normal,1292.0,Yes,0.95
normal,1292.0,Yes,0.95
normal,78.0,Yes,0.94
normal,1292.0,Yes,0.95
normal,1502.0,Yes,0.93
anomaly,1502.0,Yes,1.0
normal,1502.0,Yes,0.93
normal,1502.0,Yes,0.93
normal,1502.0,Yes,0.93
normal,78.0,Yes,0.94
normal,2938.0,Yes,0.96
normal,1502.0,Yes,0.93
normal,1502.0,Yes,0.94
normal,81.0,Yes,0.95
normal,1502.0,Yes,0.97
normal,1502.0,Yes,0.97
normal,1292.0,Yes,0.97
normal,78.0,Yes,0.97
normal,86.01,Yes,0.97
normal,1292.0,Yes,0.97
normal,1292.0,Yes,0.97
normal,1292.0,Yes,0.97
normal,1502.0,Yes,0.96
normal,1502.0,Yes,0.97
normal,1502.0,Yes,0.97
normal,1502.0,Yes,0.97
normal,1502.0,Yes,0.97
normal,78.0,Yes,0.98
normal,1502.0,Yes,0.97
normal,1502.0,Yes,0.97
normal,1502.0,Yes,0.97
normal,78.0,Yes,0.98
normal,81.0,Yes,0.98
normal,1506.0,Yes,0.97
normal,78.0,Yes,0.98
normal,1506.0,Yes,0.97
normal,66.0,Yes,0.99
normal,1502.0,Yes,0.97
normal,1502.0,Yes,0.97
normal,1502.0,Yes,0.97
normal,1502.0,Yes,0.97
normal,1292.0,Yes,0.97
normal,1292.0,Yes,0.97
normal,78.0,Yes,0.98
normal,1292.0,Yes,0.97
normal,1292.0,Yes,0.97
normal,1502.0,Yes,0.97
normal,1502.0,Yes,0.97
normal,1502.0,Yes,0.97
normal,1502.0,Yes,0.97
normal,1502.0,Yes,0.97
normal,78.0,Yes,0.98
normal,1502.0,Yes,0.97
normal,1502.0,Yes,0.97
normal,1502.0,Yes,0.97
normal,1502.0,Yes,0.97
normal,1502.0,Yes,0.97
normal,1292.0,Yes,0.97
normal,78.0,Yes,0.98
normal,80.0,Yes,0.98
normal,1292.0,Yes,0.97
normal,1292.0,Yes,0.97
anomaly,1292.0,Yes,0.95
normal,1502.0,Yes,0.97
normal,1502.0,Yes,0.97
normal,1502.0,Yes,0.97
normal,1502.0,Yes,0.97
normal,1502.0,Yes,0.97
normal,78.0,Yes,0.98
normal,1502.0,Yes,0.97
normal,1502.0,Yes,0.97
normal,1502.0,Yes,0.97
normal,1506.0,Yes,0.97
normal,1502.0,Yes,0.97
normal,1502.0,Yes,0.97
normal,1292.0,Yes,0.97
normal,1292.0,Yes,0.97
normal,1292.0,Yes,0.97
normal,1292.0,Yes,0.97
normal,1506.0,Yes,0.97
normal,78.0,Yes,0.98
normal,1502.0,Yes,0.97
normal,1506.0,Yes,0.97
normal,66.0,Yes,0.99
normal,1502.0,Yes,0.97
normal,1502.0,Yes,0.97
normal,1502.0,Yes,0.97
normal,1502.0,Yes,0.97
normal,1502.0,Yes,0.97
normal,1502.0,Yes,0.97
normal,1506.0,Yes,0.97
normal,1502.0,Yes,0.97
normal,1502.0,Yes,0.97
normal,1502.0,Yes,0.97
normal,1502.0,Yes,0.97
normal,66.0,Yes,0.99
normal,1502.0,Yes,0.97
normal,1292.0,Yes,0.97
normal,1502.0,Yes,0.97
normal,1502.0,Yes,0.97
normal,78.0,Yes,0.98
normal,1502.0,Yes,0.97
normal,1506.0,Yes,0.97
normal,1506.0,Yes,0.97
normal,1292.0,Yes,0.97
normal,1292.0,Yes,0.97
normal,1502.0,Yes,0.97
normal,1502.0,Yes,0.97
normal,1292.0,Yes,0.97
normal,1292.0,Yes,0.97
normal,1292.0,Yes,0.97
normal,1292.0,Yes,0.97
normal,80.0,Yes,0.98
normal,1292.0,Yes,0.97
normal,1502.0,Yes,0.97
normal,1502.0,Yes,0.97
normal,1502.0,Yes,0.97
normal,78.0,Yes,0.98
normal,1502.0,Yes,0.97
normal,1502.0,Yes,0.52
normal,1502.0,Yes,0.97
normal,78.0,Yes,0.98
normal,1502.0,Yes,0.97
normal,1502.0,Yes,0.97
normal,1506.0,Yes,0.97
normal,78.0,Yes,0.98
normal,1502.0,Yes,0.97
normal,1502.0,Yes,0.97
normal,1502.0,Yes,0.97
normal,1502.0,Yes,0.97
anomaly,1502.0,Yes,0.95
anomaly,1502.0,Yes,0.96
anomaly,1502.0,Yes,0.96
anomaly,1502.0,Yes,0.96
normal,1292.0,Yes,0.97
normal,1292.0,Yes,0.97
normal,1292.0,Yes,0.97
normal,1292.0,Yes,0.97
normal,1292.0,Yes,0.97
normal,1292.0,Yes,0.97
normal,1502.0,Yes,0.97
normal,1502.0,Yes,0.97
normal,1292.0,Yes,0.97
normal,1292.0,Yes,0.97
normal,79.0,Yes,0.98
normal,1292.0,Yes,0.97
normal,1506.0,Yes,0.97
normal,1502.0,Yes,0.97
normal,1292.0,Yes,0.96
normal,78.0,Yes,0.98
normal,1502.0,Yes,0.97
normal,1502.0,Yes,0.97
normal,1502.0,Yes,0.97
normal,1502.0,Yes,0.97
normal,1502.0,Yes,0.97
normal,1292.0,Yes,0.97
normal,1292.0,Yes,0.97
normal,1292.0,Yes,0.97
normal,1292.0,Yes,0.97
normal,66.0,Yes,0.99
normal,1502.0,Yes,0.97
normal,66.0,Yes,0.99
normal,1502.0,Yes,0.97
normal,1502.0,Yes,0.97
normal,1292.0,Yes,0.97
normal,78.0,Yes,0.98
normal,1292.0,Yes,0.97
normal,1502.0,Yes,0.96
normal,1502.0,Yes,0.97
normal,1292.0,Yes,0.97
normal,81.0,Yes,0.98
normal,1292.0,Yes,0.97
normal,1292.0,Yes,0.96
normal,1292.0,Yes,0.97
normal,79.0,Yes,0.98
normal,2938.0,Yes,0.97
normal,1502.0,Yes,0.97
normal,1502.0,Yes,0.97
normal,1502.0,Yes,0.97
normal,1502.0,Yes,0.97
normal,1502.0,Yes,0.97
normal,78.0,Yes,0.98
normal,1502.0,Yes,0.97
normal,1506.0,Yes,0.97
normal,1502.0,Yes,0.97
normal,1502.0,Yes,0.97
normal,66.0,Yes,0.99
normal,1502.0,Yes,0.97
normal,78.0,Yes,0.98
normal,1502.0,Yes,0.97
normal,1292.0,Yes,0.97
normal,1292.0,Yes,0.97
normal,82.0,Yes,0.98
normal,1502.0,Yes,0.97
normal,1502.0,Yes,0.97
normal,1502.0,Yes,0.97
normal,1502.0,Yes,0.97
normal,1502.0,Yes,0.97
normal,1292.0,Yes,0.97
normal,1502.0,Yes,0.97
normal,1292.0,Yes,0.97
normal,1502.0,Yes,0.97
normal,1506.0,Yes,0.97
normal,78.0,Yes,0.98
normal,1502.0,Yes,0.97
normal,1502.0,Yes,0.97
normal,1502.0,Yes,0.97
normal,1502.0,Yes,0.97
normal,66.0,Yes,0.99
normal,1502.0,Yes,0.97
normal,1502.0,Yes,0.97
normal,1292.0,Yes,0.97
normal,1292.0,Yes,0.97
normal,1292.0,Yes,0.97
normal,1292.0,Yes,0.97
normal,66.0,Yes,0.99
normal,1292.0,Yes,0.97
normal,1292.0,Yes,0.97
normal,1292.0,Yes,0.97
normal,1506.0,Yes,0.97
normal,1502.0,Yes,0.97
normal,1502.0,Yes,0.97
normal,78.0,Yes,0.98
normal,1502.0,Yes,0.97
normal,78.0,Yes,0.98
normal,1502.0,Yes,0.97
normal,1502.0,Yes,0.97
normal,1502.0,Yes,0.97
normal,1502.0,Yes,0.97
normal,1502.0,Yes,0.96
normal,1506.0,Yes,0.97
normal,66.0,Yes,0.99
normal,1506.0,Yes,0.97
normal,1502.0,Yes,0.97
normal,1502.0,Yes,0.97
normal,1502.0,Yes,0.97
normal,78.0,Yes,0.98
normal,1502.0,Yes,0.97
normal,1292.0,Yes,0.97
normal,1502.0,Yes,0.97
normal,1502.0,Yes,0.97
normal,1502.0,Yes,0.97
normal,1502.0,Yes,0.97
normal,1502.0,Yes,0.97
normal,1502.0,Yes,0.97
normal,1502.0,Yes,0.97
normal,1292.0,Yes,0.97
normal,1292.0,Yes,0.96
normal,1292.0,Yes,0.96
normal,78.0,Yes,0.98
normal,1292.0,Yes,0.96
normal,1502.0,Yes,0.94
normal,1502.0,Yes,0.94
normal,66.0,Yes,0.96
normal,1502.0,Yes,0.94
normal,66.0,Yes,0.96
normal,1292.0,Yes,0.92
normal,80.0,Yes,0.95
normal,1502.0,Yes,0.94
normal,1292.0,Yes,0.94
normal,1292.0,Yes,0.94
normal,1292.0,Yes,0.94
normal,1292.0,Yes,0.94
normal,1506.0,Yes,0.93
anomaly,1502.0,Yes,0.96
anomaly,1502.0,Yes,0.96
anomaly,1292.0,Yes,0.96
normal,1506.0,Yes,0.94
normal,66.0,Yes,0.96
normal,1292.0,Yes,0.94
normal,1292.0,Yes,0.94
normal,1502.0,Yes,0.94
normal,79.0,Yes,0.95
normal,1502.0,Yes,0.94
normal,1502.0,Yes,0.94
normal,1502.0,Yes,0.94
normal,1502.0,Yes,0.94
normal,1506.0,Yes,0.94
normal,66.0,Yes,0.96
normal,1506.0,Yes,0.93
normal,1502.0,Yes,0.94
normal,1292.0,Yes,0.94
normal,1292.0,Yes,0.94
normal,66.0,Yes,0.96
normal,1502.0,Yes,0.94
normal,1502.0,Yes,0.94
normal,1502.0,Yes,0.94
normal,1502.0,Yes,0.94
normal,66.0,Yes,0.96
normal,1502.0,Yes,0.94
normal,66.0,Yes,0.96
normal,1502.0,Yes,0.94
normal,1506.0,Yes,0.94
normal,66.0,Yes,0.96
normal,1502.0,Yes,0.94
normal,66.0,Yes,0.96
normal,1502.0,Yes,0.94
normal,1502.0,Yes,0.93
normal,1502.0,Yes,0.94
normal,1502.0,Yes,0.94
normal,1502.0,Yes,0.94
normal,1502.0,Yes,0.94
normal,1506.0,Yes,0.94
normal,1506.0,Yes,0.94
normal,1292.0,Yes,0.94
normal,1502.0,Yes,0.94
normal,42.0,Yes,0.89
normal,1506.0,Yes,0.94
normal,1506.0,Yes,0.94
normal,1502.0,Yes,0.93
normal,1502.0,Yes,0.93
normal,1502.0,Yes,0.93
normal,1502.0,Yes,0.93
anomaly,1502.0,Yes,0.95
normal,1502.0,Yes,0.92
normal,1292.0,Yes,0.52
anomaly,1502.0,Yes,0.95
normal,1502.0,Yes,0.93
anomaly,1502.0,Yes,0.96
anomaly,1292.0,Yes,0.95
anomaly,1506.0,Yes,0.95
anomaly,1502.0,Yes,0.96
anomaly,1292.0,Yes,0.96
anomaly,1502.0,Yes,0.96
anomaly,1502.0,Yes,0.96
anomaly,1292.0,Yes,0.96
anomaly,1502.0,Yes,0.96
anomaly,1502.0,Yes,0.96
anomaly,1502.0,Yes,0.95
normal,1502.0,Yes,0.94
anomaly,1502.0,Yes,0.96
normal,1506.0,Yes,0.53
normal,1502.0,Yes,0.93
normal,1502.0,Yes,0.93
normal,66.0,Yes,0.96
anomaly,1502.0,Yes,0.96
anomaly,1502.0,Yes,0.96
anomaly,1502.0,Yes,0.96
anomaly,1502.0,Yes,0.97
anomaly,1502.0,Yes,0.96
anomaly,1292.0,Yes,0.96
anomaly,1502.0,Yes,0.96
anomaly,1502.0,Yes,0.95
normal,66.0,Yes,0.95
normal,1292.0,Yes,0.94
normal,1292.0,Yes,0.94
normal,1506.0,Yes,0.93
normal,66.0,Yes,0.95
normal,1506.0,Yes,0.94
normal,1502.0,Yes,0.94
normal,1502.0,Yes,0.93
normal,66.0,Yes,0.96
normal,1502.0,Yes,0.93
normal,66.0,Yes,0.96
normal,1292.0,Yes,0.93
normal,1502.0,Yes,0.93
normal,82.0,Yes,0.94
normal,1292.0,Yes,0.94
normal,1506.0,Yes,0.94
normal,66.0,Yes,0.94
normal,1502.0,Yes,0.94
normal,1502.0,Yes,0.94
normal,1506.0,Yes,0.94
normal,1292.0,Yes,0.94
normal,1506.0,Yes,0.94
normal,78.0,Yes,0.95
normal,1506.0,Yes,0.94
normal,66.0,Yes,0.96
normal,1292.0,Yes,0.94
normal,1502.0,Yes,0.93
normal,80.0,Yes,0.94
normal,1292.0,Yes,0.93
normal,1292.0,Yes,0.93
anomaly,1292.0,Yes,0.96
anomaly,1292.0,Yes,0.96
anomaly,1502.0,Yes,0.95
normal,1292.0,Yes,0.94
normal,1292.0,Yes,0.94
normal,1502.0,Yes,0.94
normal,1506.0,Yes,0.94
normal,78.0,Yes,0.95
normal,1502.0,Yes,0.94
normal,1502.0,Yes,0.94
normal,77.0,Yes,0.94
anomaly,1502.0,Yes,0.95
normal,1502.0,Yes,0.93
normal,1502.0,Yes,0.93
normal,1502.0,Yes,0.93
normal,1502.0,Yes,0.94
normal,1502.0,Yes,0.94
normal,66.0,Yes,0.96
normal,1502.0,Yes,0.94
normal,1506.0,Yes,0.94
normal,1292.0,Yes,0.94
normal,1292.0,Yes,0.94
normal,1502.0,Yes,0.94
normal,1502.0,Yes,0.93
normal,1502.0,Yes,0.93
normal,1286.91,Yes,0.94
normal,1502.0,Yes,0.93
normal,1502.0,Yes,0.93
normal,1502.0,Yes,0.93
normal,1502.0,Yes,0.94
normal,1502.0,Yes,0.94
normal,66.0,Yes,0.96
normal,1502.0,Yes,0.94
normal,1292.0,Yes,0.94
normal,1502.0,Yes,0.94
normal,1502.0,Yes,0.94
anomaly,1502.0,Yes,0.96
normal,1506.0,Yes,0.94
normal,1502.0,Yes,0.94
normal,1502.0,Yes,0.94
normal,1502.0,Yes,0.94
normal,1502.0,Yes,0.94
normal,1292.0,Yes,0.93
normal,1292.0,Yes,0.93
normal,1292.0,Yes,0.93
normal,1502.0,Yes,0.93
normal,1502.0,Yes,0.93
normal,1292.0,Yes,0.93
normal,1292.0,Yes,0.93
normal,66.0,Yes,0.96
normal,1506.0,Yes,0.94
normal,1502.0,Yes,0.94
normal,1502.0,Yes,0.94
normal,1502.0,Yes,0.94
normal,1292.0,Yes,0.94
normal,1502.0,Yes,0.94
normal,1506.0,Yes,0.94
normal,1502.0,Yes,0.94
normal,1502.0,Yes,0.94
normal,1506.0,Yes,0.94
normal,1502.0,Yes,0.93
normal,1502.0,Yes,0.93
anomaly,81.0,Yes,0.95
normal,1502.0,Yes,0.93
normal,1292.0,Yes,0.93
normal,1502.0,Yes,0.94
normal,1506.0,Yes,0.94
normal,1292.0,Yes,0.94
normal,1292.0,Yes,0.94
normal,1292.0,Yes,0.94
normal,1292.0,Yes,0.94
normal,1502.0,Yes,0.94
normal,66.0,Yes,0.96
normal,182.76,Yes,0.95
normal,104.82,Yes,0.95
normal,1491.34,Yes,0.94
normal,1292.0,Yes,0.93
normal,1502.0,Yes,0.93
normal,1292.0,Yes,0.93
normal,1502.0,Yes,0.93
normal,66.0,Yes,0.96
normal,1502.0,Yes,0.93
normal,1506.0,Yes,0.94
normal,1502.0,Yes,0.94
normal,1502.0,Yes,0.94
normal,1502.0,Yes,0.94
normal,1502.0,Yes,0.94
normal,1502.0,Yes,0.94
anomaly,1292.0,Yes,0.96
normal,2945.92,Yes,0.94
normal,1506.0,Yes,0.94
normal,1292.0,Yes,0.94
normal,66.0,Yes,0.96
normal,1502.0,Yes,0.93
normal,1502.0,Yes,0.93
normal,1502.0,Yes,0.92
normal,1502.0,Yes,0.93
normal,1502.0,Yes,0.93
normal,1502.0,Yes,0.93
normal,1502.0,Yes,0.94
normal,1502.0,Yes,0.93
normal,1502.0,Yes,0.94
normal,1502.0,Yes,0.94
normal,66.0,Yes,0.96
normal,1292.0,Yes,0.94
normal,1292.0,Yes,0.94
normal,1502.0,Yes,0.94
normal,1502.0,Yes,0.94
normal,78.0,Yes,0.94
normal,1502.0,Yes,0.93
normal,1502.0,Yes,0.93
normal,1502.0,Yes,0.93
normal,1502.0,Yes,0.94
normal,77.0,Yes,0.94
normal,1502.0,Yes,0.94
normal,1502.0,Yes,0.94
normal,1502.0,Yes,0.94
normal,1292.0,Yes,0.93
normal,1502.0,Yes,0.94
normal,1506.0,Yes,0.94
normal,1502.0,Yes,0.94
normal,1502.0,Yes,0.94
normal,1292.0,Yes,0.93
normal,66.0,Yes,0.96
normal,1502.0,Yes,0.93
normal,66.0,Yes,0.96
anomaly,1502.0,Yes,0.96
normal,1502.0,Yes,0.94
normal,1502.0,Yes,0.94
normal,2938.0,Yes,0.94
normal,1502.0,Yes,0.94
normal,79.0,Yes,0.95
normal,1502.0,Yes,0.94
normal,86.01,Yes,0.95
normal,1292.0,Yes,0.94
normal,1502.0,Yes,0.94
normal,1502.0,Yes,0.94
normal,1292.0,Yes,0.94
normal,1502.0,Yes,0.94
normal,1502.0,Yes,0.93
normal,1502.0,Yes,0.93
normal,1502.0,Yes,0.93
normal,66.0,Yes,0.96
normal,1506.0,Yes,0.94
normal,78.0,Yes,0.95
normal,1502.0,Yes,0.94
normal,1502.0,Yes,0.94
normal,1502.0,Yes,0.94
normal,1502.0,Yes,0.93
normal,1292.0,Yes,0.94
normal,1292.0,Yes,0.94
normal,1502.0,Yes,0.94
normal,1502.0,Yes,0.94
anomaly,1502.0,Yes,0.95
normal,1502.0,Yes,0.94
normal,1502.0,Yes,0.94
normal,1502.0,Yes,0.94
normal,1292.0,Yes,0.94
normal,1292.0,Yes,0.93
normal,1292.0,Yes,0.93
normal,1292.0,Yes,0.93
normal,1502.0,Yes,0.93
normal,1502.0,Yes,0.94
normal,1502.0,Yes,0.94
normal,67.0,Yes,0.95
normal,1292.0,Yes,0.94
normal,1506.0,Yes,0.94
normal,66.0,Yes,0.96
normal,1506.0,Yes,0.94
normal,66.0,Yes,0.96
normal,1292.0,Yes,0.94
normal,1292.0,Yes,0.94
normal,1502.0,Yes,0.94
normal,1502.0,Yes,0.94
normal,1292.0,Yes,0.94
normal,1292.0,Yes,0.94
normal,1502.0,Yes,0.93
normal,1506.0,Yes,0.94
normal,1502.0,Yes,0.94
normal,1292.0,Yes,0.94
normal,66.0,Yes,0.96
normal,1502.0,Yes,0.94
normal,1502.0,Yes,0.94
normal,66.0,Yes,0.96
normal,1292.0,Yes,0.94
normal,1292.0,Yes,0.94
normal,1292.0,Yes,0.94
normal,2938.0,Yes,0.94
normal,1292.0,Yes,0.94
normal,1502.0,Yes,0.94
normal,1491.34,Yes,0.95
normal,1502.0,Yes,0.94
normal,1292.0,Yes,0.94
normal,84.0,Yes,0.95
anomaly,72.99,Yes,0.96
anomaly,1506.0,Yes,0.95
anomaly,66.0,Yes,0.95
anomaly,66.0,Yes,0.95
anomaly,1491.34,Yes,0.96
anomaly,665.69,Yes,0.96
normal,1502.0,Yes,0.93
normal,78.0,Yes,0.94
normal,72.99,Yes,0.95
normal,1292.0,Yes,0.92
normal,86.01,Yes,0.95
normal,1506.0,Yes,0.94
normal,78.0,Yes,0.95
normal,1292.0,Yes,0.95
normal,1292.0,Yes,0.95
normal,73.0,Yes,0.95
normal,1502.0,Yes,0.94
normal,86.01,Yes,0.95
normal,1502.0,Yes,0.94
normal,86.01,Yes,0.95
normal,1292.0,Yes,0.94
normal,1502.0,Yes,0.94
normal,86.01,Yes,0.95
normal,71.93,Yes,0.95
normal,1292.0,Yes,0.94
normal,78.0,Yes,0.95
normal,1292.0,Yes,0.93
normal,79.0,Yes,0.94
normal,70.98,Yes,0.96
normal,70.98,Yes,0.96
normal,1292.0,Yes,0.93
normal,77.0,Yes,0.94
normal,1502.0,Yes,0.93
normal,86.01,Yes,0.94
normal,1502.0,Yes,0.93
anomaly,86.01,Yes,0.96
normal,1292.0,Yes,0.94
anomaly,1292.0,Yes,0.96
anomaly,1502.0,Yes,0.96
anomaly,86.01,Yes,0.96
normal,1502.0,Yes,0.93
normal,78.0,Yes,0.95
normal,77.0,Yes,0.95
normal,1502.0,Yes,0.94
normal,66.0,Yes,0.96
normal,1292.0,Yes,0.94
normal,1502.0,Yes,0.92
normal,66.0,Yes,0.96
normal,77.0,Yes,0.95
normal,1506.0,Yes,0.94
normal,66.0,Yes,0.96
normal,1506.0,Yes,0.94
normal,66.0,Yes,0.96
normal,1502.0,Yes,0.94
normal,66.0,Yes,0.96
normal,1502.0,Yes,0.94
normal,66.0,Yes,0.96
normal,1502.0,Yes,0.93
normal,66.0,Yes,0.96
normal,1506.0,Yes,0.94
normal,66.0,Yes,0.96
normal,1292.0,Yes,0.94
normal,94.97,Yes,0.93
normal,1292.0,Yes,0.94
normal,1502.0,Yes,0.94
normal,66.0,Yes,0.96
normal,1506.0,Yes,0.94
normal,66.0,Yes,0.96
normal,1502.0,Yes,0.94
normal,66.0,Yes,0.96
normal,1502.0,Yes,0.94
normal,66.0,Yes,0.96
normal,77.0,Yes,0.94
normal,1502.0,Yes,0.94
normal,66.0,Yes,0.96
normal,1502.0,Yes,0.94
normal,66.0,Yes,0.96
normal,1502.0,Yes,0.94
normal,66.0,Yes,0.96
normal,1502.0,Yes,0.94
normal,66.0,Yes,0.96
normal,1502.0,Yes,0.94
normal,66.0,Yes,0.96
normal,1502.0,Yes,0.94
normal,66.0,Yes,0.96
normal,1502.0,Yes,0.94
normal,66.0,Yes,0.96
normal,1502.0,Yes,0.94
normal,1502.0,Yes,0.94
normal,66.0,Yes,0.96
normal,1506.0,Yes,0.94
normal,66.0,Yes,0.96
normal,1502.0,Yes,0.94
normal,1502.0,Yes,0.94
normal,66.0,Yes,0.96
normal,1502.0,Yes,0.94
normal,1502.0,Yes,0.94
normal,66.0,Yes,0.96
normal,1502.0,Yes,0.94
normal,1502.0,Yes,0.94
anomaly,66.0,Yes,0.95
normal,1502.0,Yes,0.93
normal,66.0,Yes,0.96
normal,1502.0,Yes,0.94
normal,1502.0,Yes,0.94
normal,66.0,Yes,0.96
normal,1506.0,Yes,0.94
normal,1292.0,Yes,0.94
normal,1292.0,Yes,0.94
normal,1502.0,Yes,0.94
normal,1502.0,Yes,0.94
normal,1292.0,Yes,0.94
normal,1292.0,Yes,0.94
normal,1502.0,Yes,0.94
normal,1502.0,Yes,0.93
normal,1502.0,Yes,0.94
normal,1292.0,Yes,0.94
normal,77.0,Yes,0.95
normal,1502.0,Yes,0.94
normal,1502.0,Yes,0.94
normal,66.0,Yes,0.96
normal,1502.0,Yes,0.94
normal,1292.0,Yes,0.94
normal,1292.0,Yes,0.93
normal,77.0,Yes,0.94
normal,1502.0,Yes,0.93
normal,1502.0,Yes,0.94
normal,66.0,Yes,0.96
normal,1502.0,Yes,0.94
normal,78.0,Yes,0.95
normal,1502.0,Yes,0.94
normal,78.0,Yes,0.95
normal,1506.0,Yes,0.94
normal,78.0,Yes,0.95
normal,1502.0,Yes,0.94
normal,78.0,Yes,0.95
normal,1292.0,Yes,0.94
normal,79.0,Yes,0.95
normal,1292.0,Yes,0.94
normal,1292.0,Yes,0.93
normal,1502.0,Yes,0.93
normal,1502.0,Yes,0.94
normal,1502.0,Yes,0.94
normal,1502.0,Yes,0.94
normal,1292.0,Yes,0.94
normal,79.0,Yes,0.95
normal,1502.0,Yes,0.93
normal,1502.0,Yes,0.93
normal,1292.0,Yes,0.93
normal,1292.0,Yes,0.94
normal,1292.0,Yes,0.94
normal,1292.0,Yes,0.94
normal,1502.0,Yes,0.94
normal,1502.0,Yes,0.93
normal,1502.0,Yes,0.94
normal,1292.0,Yes,0.94
normal,1292.0,Yes,0.94
normal,1292.0,Yes,0.94
normal,1292.0,Yes,0.94
normal,1292.0,Yes,0.94
normal,1292.0,Yes,0.94
normal,78.0,Yes,0.95
normal,66.0,Yes,0.96
normal,1292.0,Yes,0.94
normal,1502.0,Yes,0.94
normal,1502.0,Yes,0.94
normal,1502.0,Yes,0.93
normal,1502.0,Yes,0.92
normal,1292.0,Yes,0.94
normal,1292.0,Yes,0.94
normal,1292.0,Yes,0.94
normal,66.0,Yes,0.96
normal,1292.0,Yes,0.92
normal,1502.0,Yes,0.52
normal,1292.0,Yes,0.93
normal,1292.0,Yes,0.94
normal,1292.0,Yes,0.93
normal,1292.0,Yes,0.94
normal,1292.0,Yes,0.94
normal,1292.0,Yes,0.94
normal,1292.0,Yes,0.93
normal,83.0,Yes,0.94
normal,1292.0,Yes,0.94
normal,1292.0,Yes,0.94
normal,1292.0,Yes,0.94
normal,1292.0,Yes,0.94
normal,78.0,Yes,0.95
normal,1292.0,Yes,0.94
normal,1292.0,Yes,0.94
normal,1292.0,Yes,0.94
normal,1292.0,Yes,0.94
normal,1292.0,Yes,0.94
normal,1292.0,Yes,0.94
normal,1502.0,Yes,0.93
normal,1502.0,Yes,0.93
normal,1502.0,Yes,0.94
normal,66.0,Yes,0.96
normal,1292.0,Yes,0.94
normal,1502.0,Yes,0.94
normal,1502.0,Yes,0.94
normal,78.0,Yes,0.95
normal,1502.0,Yes,0.94
normal,1502.0,Yes,0.94
normal,1502.0,Yes,0.94
normal,1506.0,Yes,0.94
normal,77.0,Yes,0.95
normal,1292.0,Yes,0.94
normal,1292.0,Yes,0.93
normal,1292.0,Yes,0.94
normal,1506.0,Yes,0.94
normal,1502.0,Yes,0.94
normal,1502.0,Yes,0.94
normal,66.0,Yes,0.96
normal,1292.0,Yes,0.94
normal,1292.0,Yes,0.94
normal,1292.0,Yes,0.94
normal,76.0,Yes,0.95
normal,1292.0,Yes,0.94
normal,1502.0,Yes,0.94
normal,1502.0,Yes,0.94
normal,77.0,Yes,0.95
normal,1502.0,Yes,0.92
normal,1502.0,Yes,0.94
normal,1292.0,Yes,0.94
normal,1502.0,Yes,0.94
normal,1502.0,Yes,0.94
normal,1502.0,Yes,0.94
normal,1502.0,Yes,0.94
normal,77.0,Yes,0.95
normal,1292.0,Yes,0.94
normal,1502.0,Yes,0.94
normal,1292.0,Yes,0.94
normal,1502.0,Yes,0.94
normal,66.0,Yes,0.96
normal,1506.0,Yes,0.94
normal,66.0,Yes,0.96
normal,1506.0,Yes,0.94
normal,66.0,Yes,0.96
normal,1502.0,Yes,0.93
normal,2938.0,Yes,0.94
normal,1292.0,Yes,0.93
normal,1292.0,Yes,0.93
normal,1292.0,Yes,0.93
normal,1292.0,Yes,0.93
normal,2938.0,Yes,0.94
normal,1292.0,Yes,0.94
normal,1502.0,Yes,0.94
anomaly,66.0,Yes,0.57
normal,1502.0,Yes,0.94
normal,1502.0,Yes,0.94
normal,1292.0,Yes,0.94
normal,1502.0,Yes,0.94
normal,1292.0,Yes,0.94
normal,1292.0,Yes,0.94
normal,100.93,Yes,0.95
normal,182.73,Yes,0.95
normal,1292.0,Yes,0.93
normal,1292.0,Yes,0.94
normal,1292.0,Yes,0.93
anomaly,1292.0,Yes,0.96
normal,78.0,Yes,0.94
normal,1292.0,Yes,0.93
normal,78.0,Yes,0.94
normal,1292.0,Yes,0.93
normal,1292.0,Yes,0.93
normal,1292.0,Yes,0.94
normal,1292.0,Yes,0.94
normal,77.0,Yes,0.95
normal,1506.0,Yes,0.94
normal,1292.0,Yes,0.94
normal,1292.0,Yes,0.94
normal,1502.0,Yes,0.94
normal,66.0,Yes,0.96
normal,1506.0,Yes,0.94
normal,66.0,Yes,0.96
normal,1506.0,Yes,0.94
normal,66.0,Yes,0.96
normal,1502.0,Yes,0.94
normal,1502.0,Yes,0.94
normal,1502.0,Yes,0.94
normal,1506.0,Yes,0.94
normal,1292.0,Yes,0.94
normal,1506.0,Yes,0.94
normal,66.0,Yes,0.96
normal,1292.0,Yes,0.94
normal,78.0,Yes,0.95
normal,1292.0,Yes,0.94
normal,78.0,Yes,0.95
normal,1502.0,Yes,0.94
normal,1502.0,Yes,0.93
normal,66.0,Yes,0.96
normal,1502.0,Yes,0.93
normal,1502.0,Yes,0.93
normal,66.0,Yes,0.96
normal,1506.0,Yes,0.93
normal,1292.0,Yes,0.93
normal,1292.0,Yes,0.93
normal,1502.0,Yes,0.93
normal,1292.0,Yes,0.94
normal,77.0,Yes,0.95
normal,1292.0,Yes,0.94
normal,1292.0,Yes,0.94
normal,1292.0,Yes,0.94
normal,66.0,Yes,0.96
normal,1292.0,Yes,0.93
normal,77.0,Yes,0.95
normal,1292.0,Yes,0.93
normal,77.0,Yes,0.94
normal,1292.0,Yes,0.94
normal,1292.0,Yes,0.94
normal,1502.0,Yes,0.94
normal,78.0,Yes,0.95
normal,1502.0,Yes,0.94
normal,66.0,Yes,0.96
normal,1292.0,Yes,0.94
normal,78.0,Yes,0.95
normal,1502.0,Yes,0.94
normal,1502.0,Yes,0.94
normal,66.0,Yes,0.96
normal,1292.0,Yes,0.94
normal,78.0,Yes,0.95
normal,1292.0,Yes,0.94
normal,1292.0,Yes,0.94
anomaly,1292.0,Yes,0.96
anomaly,1502.0,Yes,0.96
normal,1502.0,Yes,0.93
normal,66.0,Yes,0.96
anomaly,78.0,Yes,0.95
normal,1502.0,Yes,0.93
normal,1502.0,Yes,0.93
normal,66.0,Yes,0.96
normal,1502.0,Yes,0.94
normal,1502.0,Yes,0.94
normal,66.0,Yes,0.96
normal,1502.0,Yes,0.94
normal,1502.0,Yes,0.94
normal,66.0,Yes,0.96
normal,1502.0,Yes,0.94
normal,1502.0,Yes,0.94
normal,66.0,Yes,0.96
normal,1292.0,Yes,0.94
normal,1292.0,Yes,0.94
normal,1292.0,Yes,0.94
normal,1292.0,Yes,0.94
normal,1292.0,Yes,0.94
normal,1292.0,Yes,0.93
normal,66.0,Yes,0.96
normal,1502.0,Yes,0.93
normal,66.0,Yes,0.96
normal,1502.0,Yes,0.93
normal,1502.0,Yes,0.93
normal,1502.0,Yes,0.93
normal,1502.0,Yes,0.94
normal,66.0,Yes,0.96
normal,1506.0,Yes,0.94
normal,78.0,Yes,0.95
normal,1506.0,Yes,0.94
normal,1506.0,Yes,0.94
normal,66.0,Yes,0.96
normal,1506.0,Yes,0.94
normal,66.0,Yes,0.96
normal,1506.0,Yes,0.94
normal,66.0,Yes,0.96
normal,1506.0,Yes,0.94
normal,66.0,Yes,0.96
normal,1506.0,Yes,0.94
normal,66.0,Yes,0.96
normal,1506.0,Yes,0.94
normal,66.0,Yes,0.96
normal,1506.0,Yes,0.94
normal,1502.0,Yes,0.94
normal,66.0,Yes,0.96
normal,1506.0,Yes,0.94
normal,66.0,Yes,0.96
normal,1292.0,Yes,0.93
normal,1292.0,Yes,0.94
normal,78.0,Yes,0.95
normal,1506.0,Yes,0.94
normal,66.0,Yes,0.96
normal,66.0,Yes,0.96
normal,1502.0,Yes,0.94
normal,1506.0,Yes,0.94
normal,1292.0,Yes,0.94
normal,1292.0,Yes,0.94
normal,1292.0,Yes,0.94
normal,73.0,Yes,0.95
normal,1506.0,Yes,0.94
normal,66.0,Yes,0.96
normal,1506.0,Yes,0.94
normal,66.0,Yes,0.96
normal,1292.0,Yes,0.94
normal,66.0,Yes,0.95
normal,1491.26,Yes,0.95
normal,66.0,Yes,0.95
normal,66.0,Yes,0.95
normal,1491.26,Yes,0.95
normal,1491.26,Yes,0.95
normal,1292.0,Yes,0.94
normal,77.0,Yes,0.94
normal,1506.0,Yes,0.94
normal,66.0,Yes,0.96
normal,1506.0,Yes,0.94
normal,1506.0,Yes,0.94
normal,66.0,Yes,0.96
normal,1506.0,Yes,0.94
normal,66.0,Yes,0.96
anomaly,1506.0,Yes,0.95
anomaly,66.0,Yes,0.94
normal,1506.0,Yes,0.94
normal,66.0,Yes,0.96
normal,1292.0,Yes,0.94
normal,1292.0,Yes,0.93
normal,1292.0,Yes,0.93
normal,77.0,Yes,0.95
normal,1292.0,Yes,0.94
normal,77.0,Yes,0.94
normal,1292.0,Yes,0.94
normal,77.0,Yes,0.94
normal,70.98,Yes,0.96
normal,1292.0,Yes,0.93
normal,77.0,Yes,0.94
normal,1292.0,Yes,0.94
normal,77.0,Yes,0.95
normal,1292.0,Yes,0.94
normal,77.0,Yes,0.95
normal,1292.0,Yes,0.94
normal,77.0,Yes,0.95
normal,1292.0,Yes,0.94
normal,77.0,Yes,0.95
normal,1292.0,Yes,0.94
normal,77.0,Yes,0.95
anomaly,42.0,Yes,0.73
anomaly,42.0,Yes,0.74
anomaly,1459.52,Yes,0.58
anomaly,1459.52,Yes,0.74
anomaly,477.88,Yes,0.79
anomaly,105.22,Yes,0.78
anomaly,66.0,Yes,0.81
anomaly,66.0,Yes,0.82
anomaly,66.0,Yes,0.82
anomaly,105.22,Yes,0.81
anomaly,66.0,Yes,0.79
anomaly,227.42,Yes,0.81
anomaly,66.0,Yes,0.8
anomaly,97.23,Yes,0.81
anomaly,66.0,Yes,0.81
anomaly,105.22,Yes,0.81
normal,66.0,Yes,0.77
anomaly,105.22,Yes,0.8
anomaly,66.0,Yes,0.82
anomaly,42.0,Yes,0.83
anomaly,42.0,Yes,0.83
anomaly,42.0,Yes,0.83
anomaly,181.2,Yes,0.78
anomaly,1494.0,Yes,0.79
anomaly,1494.0,Yes,0.78
anomaly,1494.0,Yes,0.79
anomaly,1494.0,Yes,0.78
anomaly,1276.6,Yes,0.8
anomaly,66.0,Yes,0.82
anomaly,105.02,Yes,0.8
anomaly,66.0,Yes,0.8
anomaly,66.0,Yes,0.82
anomaly,66.0,Yes,0.81
anomaly,165.73,Yes,0.82
anomaly,66.0,Yes,0.8
anomaly,100.95,Yes,0.8
anomaly,66.0,Yes,0.81
anomaly,181.2,Yes,0.72
anomaly,1494.0,Yes,0.72
anomaly,1494.0,Yes,0.59
anomaly,1494.0,Yes,0.76
anomaly,1494.0,Yes,0.79
anomaly,1494.0,Yes,0.77
anomaly,1494.0,Yes,0.8
anomaly,678.32,Yes,0.8
anomaly,66.0,Yes,0.82
anomaly,66.0,Yes,0.81
anomaly,66.0,Yes,0.82
anomaly,165.73,Yes,0.81
anomaly,66.0,Yes,0.81
anomaly,66.0,Yes,0.81
anomaly,529.19,Yes,0.72
anomaly,1494.0,Yes,0.71
anomaly,1494.0,Yes,0.61
anomaly,1494.0,Yes,0.75
anomaly,1494.0,Yes,0.78
anomaly,1268.66,Yes,0.76
anomaly,66.0,Yes,0.81
anomaly,66.0,Yes,0.82
anomaly,165.72,Yes,0.82
normal,66.0,Yes,0.74
anomaly,181.14,Yes,0.72
anomaly,1494.0,Yes,0.73
anomaly,1494.0,Yes,0.61
anomaly,1494.0,Yes,0.76
anomaly,1494.0,Yes,0.79
anomaly,1205.95,Yes,0.77
anomaly,42.0,Yes,0.84
anomaly,66.0,Yes,0.82
anomaly,66.0,Yes,0.82
anomaly,66.0,Yes,0.81
anomaly,164.52,Yes,0.82
anomaly,66.0,Yes,0.81
anomaly,100.95,Yes,0.8
anomaly,66.0,Yes,0.82
anomaly,66.0,Yes,0.82
anomaly,66.0,Yes,0.77
anomaly,180.26,Yes,0.72
anomaly,1494.0,Yes,0.73
anomaly,1494.0,Yes,0.61
anomaly,1494.0,Yes,0.76
anomaly,1494.0,Yes,0.79
anomaly,1494.0,Yes,0.78
anomaly,1494.0,Yes,0.8
anomaly,677.63,Yes,0.8
anomaly,66.0,Yes,0.82
anomaly,66.0,Yes,0.81
anomaly,66.0,Yes,0.82
anomaly,164.44,Yes,0.82
anomaly,66.0,Yes,0.81
anomaly,180.26,Yes,0.72
anomaly,1494.0,Yes,0.73
anomaly,1494.0,Yes,0.61
anomaly,1494.0,Yes,0.76
anomaly,385.23,Yes,0.79
anomaly,66.0,Yes,0.79
anomaly,66.0,Yes,0.81
anomaly,165.75,Yes,0.82
anomaly,66.0,Yes,0.8
anomaly,1288.12,Yes,0.68
anomaly,1292.0,Yes,0.69
normal,1007.02,Yes,0.73
normal,168.46,Yes,0.7
anomaly,1288.09,Yes,0.74
anomaly,1292.0,Yes,0.76
anomaly,1292.0,Yes,0.8
anomaly,1292.0,Yes,0.81
anomaly,1292.0,Yes,0.82
anomaly,1292.0,Yes,0.8
anomaly,78.0,Yes,0.81
anomaly,1292.0,Yes,0.81
anomaly,1292.0,Yes,0.82
anomaly,1292.0,Yes,0.82
anomaly,1292.0,Yes,0.8
normal,1292.0,Yes,0.73
anomaly,1292.0,Yes,0.8
anomaly,75.0,Yes,0.81
anomaly,1292.0,Yes,0.81
anomaly,1292.0,Yes,0.81
anomaly,1292.0,Yes,0.81
anomaly,1292.0,Yes,0.81
anomaly,1292.0,Yes,0.81
anomaly,1292.0,Yes,0.81
anomaly,1292.0,Yes,0.81
anomaly,1292.0,Yes,0.81
anomaly,1292.0,Yes,0.81
anomaly,1292.0,Yes,0.81
anomaly,1292.0,Yes,0.81
normal,1292.0,Yes,0.73
anomaly,1292.0,Yes,0.81
anomaly,1292.0,Yes,0.81
anomaly,1292.0,Yes,0.81
anomaly,1292.0,Yes,0.81
anomaly,1292.0,Yes,0.81
anomaly,1292.0,Yes,0.8
anomaly,1292.0,Yes,0.81
anomaly,1292.0,Yes,0.81
anomaly,1292.0,Yes,0.81
anomaly,1292.0,Yes,0.81
normal,1292.0,Yes,0.72
anomaly,1292.0,Yes,0.8
anomaly,1292.0,Yes,0.81
anomaly,1292.0,Yes,0.81
anomaly,1292.0,Yes,0.81
anomaly,1292.0,Yes,0.81
anomaly,1292.0,Yes,0.81
anomaly,1292.0,Yes,0.8
anomaly,1292.0,Yes,0.81
anomaly,74.0,Yes,0.81
anomaly,74.0,Yes,0.81
anomaly,74.0,Yes,0.81
anomaly,75.0,Yes,0.81
normal,1292.0,Yes,0.73
anomaly,1292.0,Yes,0.81
anomaly,1292.0,Yes,0.81
anomaly,1292.0,Yes,0.81
anomaly,1292.0,Yes,0.81
anomaly,1292.0,Yes,0.81
anomaly,1292.0,Yes,0.81
anomaly,1292.0,Yes,0.81
anomaly,1292.0,Yes,0.81
anomaly,1292.0,Yes,0.81
anomaly,1292.0,Yes,0.81
normal,1292.0,Yes,0.73
normal,1292.0,Yes,0.81
anomaly,1292.0,Yes,0.81
anomaly,1292.0,Yes,0.81
anomaly,1292.0,Yes,0.81
anomaly,1292.0,Yes,0.81
anomaly,76.0,Yes,0.81
anomaly,1292.0,Yes,0.81
anomaly,1292.0,Yes,0.81
anomaly,1292.0,Yes,0.81
anomaly,1292.0,Yes,0.81
normal,82.0,Yes,0.77
anomaly,1292.0,Yes,0.81
anomaly,1292.0,Yes,0.81
anomaly,1292.0,Yes,0.81
anomaly,1292.0,Yes,0.81
anomaly,1292.0,Yes,0.81
anomaly,1292.0,Yes,0.81
anomaly,81.0,Yes,0.8
anomaly,1292.0,Yes,0.81
anomaly,180.26,Yes,0.81
anomaly,1494.0,Yes,0.81
anomaly,1292.0,Yes,0.81
normal,1292.0,Yes,0.73
anomaly,84.0,Yes,0.8
anomaly,1292.0,Yes,0.81
anomaly,1292.0,Yes,0.8
anomaly,79.0,Yes,0.8
anomaly,1292.0,Yes,0.81
anomaly,1292.0,Yes,0.81
anomaly,1292.0,Yes,0.81
anomaly,1292.0,Yes,0.81
anomaly,66.0,Yes,0.81
anomaly,66.0,Yes,0.81
normal,164.56,Yes,0.74
anomaly,66.0,Yes,0.81
anomaly,100.9,Yes,0.8
anomaly,66.0,Yes,0.81
anomaly,181.2,Yes,0.82
anomaly,1494.0,Yes,0.82
anomaly,1494.0,Yes,0.82
anomaly,1494.0,Yes,0.82
anomaly,1494.0,Yes,0.82
anomaly,1494.0,Yes,0.82
anomaly,1494.0,Yes,0.82
anomaly,1494.0,Yes,0.82
anomaly,1494.0,Yes,0.82
anomaly,100.91,Yes,0.81
normal,66.0,Yes,0.73
anomaly,66.0,Yes,0.82
anomaly,66.0,Yes,0.82
anomaly,66.0,Yes,0.82
anomaly,100.85,Yes,0.81
anomaly,66.0,Yes,0.85
anomaly,164.49,Yes,0.85
anomaly,66.0,Yes,0.84
anomaly,78.0,Yes,0.84
anomaly,78.0,Yes,0.84
anomaly,120.65,Yes,0.85
anomaly,128.96,Yes,0.84
anomaly,74.0,Yes,0.85
anomaly,74.0,Yes,0.85
anomaly,65.58,Yes,0.85
anomaly,151.2,Yes,0.85
anomaly,64.2,Yes,0.85
normal,78.0,Yes,0.73
anomaly,64.2,Yes,0.85
anomaly,276.94,Yes,0.85
anomaly,65.58,Yes,0.86
anomaly,65.58,Yes,0.86
anomaly,64.2,Yes,0.84
anomaly,42.0,Yes,0.85
anomaly,181.2,Yes,0.85
anomaly,1494.0,Yes,0.85
anomaly,1494.0,Yes,0.85
anomaly,1494.0,Yes,0.85
anomaly,1494.0,Yes,0.85
anomaly,1494.0,Yes,0.85
normal,1494.0,Yes,0.74
normal,1494.0,Yes,0.74
anomaly,1494.0,Yes,0.84
anomaly,1494.0,Yes,0.85
anomaly,66.0,Yes,0.84
normal,1494.0,Yes,0.74
anomaly,1494.0,Yes,0.85
anomaly,386.04,Yes,0.85
anomaly,66.0,Yes,0.84
anomaly,66.0,Yes,0.84
anomaly,66.0,Yes,0.84
anomaly,66.0,Yes,0.84
anomaly,66.0,Yes,0.84
anomaly,165.46,Yes,0.83
anomaly,66.0,Yes,0.85
anomaly,100.91,Yes,0.83
anomaly,42.0,Yes,0.85
anomaly,42.0,Yes,0.84
anomaly,59.76,Yes,0.86
anomaly,66.0,Yes,0.84
anomaly,66.0,Yes,0.7
anomaly,42.0,Yes,0.75
anomaly,180.26,Yes,0.63
anomaly,1494.0,Yes,0.8
anomaly,1494.0,Yes,0.83
anomaly,1494.0,Yes,0.83
anomaly,1494.0,Yes,0.84
anomaly,1494.0,Yes,0.84
normal,1494.0,Yes,0.73
anomaly,1494.0,Yes,0.83
anomaly,1494.0,Yes,0.84
anomaly,100.95,Yes,0.84
anomaly,66.0,Yes,0.85
anomaly,66.0,Yes,0.86
anomaly,66.0,Yes,0.84
anomaly,66.0,Yes,0.84
anomaly,164.41,Yes,0.84
anomaly,66.0,Yes,0.85
anomaly,42.0,Yes,0.86
anomaly,59.76,Yes,0.85
anomaly,42.0,Yes,0.74
anomaly,180.26,Yes,0.71
anomaly,1494.0,Yes,0.61
anomaly,1494.0,Yes,0.76
anomaly,1494.0,Yes,0.79
anomaly,1494.0,Yes,0.79
anomaly,1268.66,Yes,0.81
anomaly,66.0,Yes,0.82
anomaly,66.0,Yes,0.82
anomaly,165.53,Yes,0.82
anomaly,66.0,Yes,0.8
anomaly,66.0,Yes,0.69
anomaly,66.0,Yes,0.75
anomaly,180.26,Yes,0.64
anomaly,1494.0,Yes,0.8
anomaly,1494.0,Yes,0.82
anomaly,1494.0,Yes,0.83
anomaly,1494.0,Yes,0.84
anomaly,1268.66,Yes,0.84
anomaly,66.0,Yes,0.85
anomaly,66.0,Yes,0.84
anomaly,66.0,Yes,0.85
anomaly,164.48,Yes,0.85
anomaly,66.0,Yes,0.85
anomaly,100.95,Yes,0.84
anomaly,66.0,Yes,0.84
anomaly,180.26,Yes,0.7
anomaly,1494.0,Yes,0.72
anomaly,1494.0,Yes,0.65
anomaly,1494.0,Yes,0.8
anomaly,1494.0,Yes,0.83
anomaly,1268.66,Yes,0.81
anomaly,66.0,Yes,0.81
anomaly,66.0,Yes,0.83
anomaly,66.0,Yes,0.82
anomaly,165.79,Yes,0.81
anomaly,66.0,Yes,0.81
anomaly,180.86,Yes,0.71
anomaly,1494.0,Yes,0.71
anomaly,1494.0,Yes,0.61
anomaly,1494.0,Yes,0.77
anomaly,384.55,Yes,0.79
anomaly,66.0,Yes,0.78
anomaly,66.0,Yes,0.84
anomaly,164.41,Yes,0.85
anomaly,66.0,Yes,0.84
anomaly,42.0,Yes,0.85
anomaly,93.05,Yes,0.81
anomaly,138.84,Yes,0.83
anomaly,1288.08,Yes,0.82
normal,1292.0,Yes,0.76
normal,1007.02,Yes,0.76
anomaly,66.0,Yes,0.82
anomaly,1288.08,Yes,0.79
anomaly,1292.0,Yes,0.66
anomaly,73.0,Yes,0.54
anomaly,71.0,Yes,0.71
anomaly,1292.0,Yes,0.74
anomaly,1008.51,Yes,0.76
anomaly,69.0,Yes,0.77
anomaly,69.0,Yes,0.81
anomaly,155.33,Yes,0.83
anomaly,1288.09,Yes,0.8
anomaly,1292.0,Yes,0.81
anomaly,1292.0,Yes,0.82
anomaly,1292.0,Yes,0.8
anomaly,79.0,Yes,0.8
anomaly,1292.0,Yes,0.82
anomaly,1292.0,Yes,0.81
anomaly,75.0,Yes,0.81
anomaly,1292.0,Yes,0.81
anomaly,1292.0,Yes,0.81
anomaly,1292.0,Yes,0.8
anomaly,1292.0,Yes,0.81
anomaly,1292.0,Yes,0.81
anomaly,1292.0,Yes,0.81
anomaly,74.0,Yes,0.8
anomaly,1292.0,Yes,0.81
anomaly,1292.0,Yes,0.81
normal,1292.0,Yes,0.72
anomaly,1292.0,Yes,0.81
anomaly,1292.0,Yes,0.81
anomaly,1292.0,Yes,0.81
anomaly,1292.0,Yes,0.78
normal,74.0,Yes,0.75
anomaly,1292.0,Yes,0.81
anomaly,180.26,Yes,0.82
anomaly,1494.0,Yes,0.82
normal,1494.0,Yes,0.72
normal,1494.0,Yes,0.72
anomaly,1494.0,Yes,0.8
anomaly,1494.0,Yes,0.82
normal,1494.0,Yes,0.52
anomaly,1494.0,Yes,0.82
anomaly,1494.0,Yes,0.82
anomaly,1494.0,Yes,0.82
anomaly,1292.0,Yes,0.8
anomaly,75.0,Yes,0.81
anomaly,1292.0,Yes,0.81
anomaly,1292.0,Yes,0.81
normal,1292.0,Yes,0.81
anomaly,74.0,Yes,0.78
anomaly,1292.0,Yes,0.81
anomaly,1292.0,Yes,0.81
anomaly,1292.0,Yes,0.81
anomaly,1292.0,Yes,0.81
anomaly,1292.0,Yes,0.81
anomaly,74.0,Yes,0.81
anomaly,1292.0,Yes,0.81
anomaly,75.0,Yes,0.81
anomaly,1292.0,Yes,0.81
anomaly,1292.0,Yes,0.81
normal,1292.0,Yes,0.72
anomaly,1292.0,Yes,0.81
anomaly,75.0,Yes,0.81
anomaly,1292.0,Yes,0.81
anomaly,1292.0,Yes,0.78
anomaly,74.0,Yes,0.81
anomaly,1292.0,Yes,0.81
anomaly,1292.0,Yes,0.81
anomaly,75.0,Yes,0.81
anomaly,1292.0,Yes,0.81
normal,1292.0,Yes,0.72
anomaly,1292.0,Yes,0.81
anomaly,1292.0,Yes,0.81
anomaly,1292.0,Yes,0.81
anomaly,1292.0,Yes,0.81
anomaly,1292.0,Yes,0.81
anomaly,1292.0,Yes,0.81
anomaly,77.0,Yes,0.82
normal,1292.0,Yes,0.71
normal,77.0,Yes,0.75
anomaly,1292.0,Yes,0.81
anomaly,77.0,Yes,0.82
anomaly,1292.0,Yes,0.81
anomaly,77.0,Yes,0.82
anomaly,1292.0,Yes,0.81
anomaly,1292.0,Yes,0.81
anomaly,1292.0,Yes,0.81
anomaly,78.0,Yes,0.82
normal,1292.0,Yes,0.72
normal,78.0,Yes,0.75
anomaly,1292.0,Yes,0.81
anomaly,78.0,Yes,0.82
anomaly,1292.0,Yes,0.81
anomaly,1292.0,Yes,0.81
anomaly,1292.0,Yes,0.81
anomaly,1292.0,Yes,0.81
anomaly,1292.0,Yes,0.81
anomaly,1292.0,Yes,0.81
normal,1292.0,Yes,0.72
anomaly,1292.0,Yes,0.81
anomaly,1292.0,Yes,0.81
anomaly,1292.0,Yes,0.8
anomaly,1292.0,Yes,0.81
anomaly,1292.0,Yes,0.81
anomaly,1292.0,Yes,0.81
anomaly,1292.0,Yes,0.8
anomaly,1292.0,Yes,0.81
anomaly,1292.0,Yes,0.81
anomaly,1292.0,Yes,0.81
normal,1292.0,Yes,0.71
anomaly,75.0,Yes,0.81
anomaly,1292.0,Yes,0.81
anomaly,1292.0,Yes,0.81
anomaly,1292.0,Yes,0.81
anomaly,76.0,Yes,0.8
anomaly,66.0,Yes,0.82
anomaly,66.0,Yes,0.81
anomaly,1292.0,Yes,0.81
anomaly,1292.0,Yes,0.81
anomaly,1292.0,Yes,0.81
anomaly,1292.0,Yes,0.81
normal,1292.0,Yes,0.72
normal,1292.0,Yes,0.71
anomaly,1292.0,Yes,0.81
anomaly,1292.0,Yes,0.78
normal,77.0,Yes,0.74
normal,77.0,Yes,0.76
anomaly,1292.0,Yes,0.81
anomaly,77.0,Yes,0.82
anomaly,1292.0,Yes,0.81
normal,1292.0,Yes,0.71
anomaly,1292.0,Yes,0.81
anomaly,1292.0,Yes,0.8
anomaly,1292.0,Yes,0.81
anomaly,1292.0,Yes,0.81
anomaly,1292.0,Yes,0.81
anomaly,80.0,Yes,0.81
anomaly,1292.0,Yes,0.81
anomaly,1292.0,Yes,0.81
anomaly,1292.0,Yes,0.8
anomaly,1292.0,Yes,0.81
anomaly,1292.0,Yes,0.81
anomaly,1292.0,Yes,0.81
anomaly,81.0,Yes,0.81
normal,1292.0,Yes,0.72
normal,1292.0,Yes,0.72
normal,1292.0,Yes,0.71
normal,1292.0,Yes,0.71
anomaly,1292.0,Yes,0.81
anomaly,1292.0,Yes,0.81
anomaly,1292.0,Yes,0.81
anomaly,77.0,Yes,0.82
normal,1292.0,Yes,0.72
normal,1292.0,Yes,0.71
anomaly,77.0,Yes,0.82
anomaly,77.0,Yes,0.82
anomaly,1292.0,Yes,0.81
anomaly,77.0,Yes,0.82
anomaly,1292.0,Yes,0.81
anomaly,1292.0,Yes,0.81
anomaly,1292.0,Yes,0.81
anomaly,74.0,Yes,0.81
anomaly,1292.0,Yes,0.81
normal,81.0,Yes,0.76
anomaly,1292.0,Yes,0.81
anomaly,1292.0,Yes,0.81
anomaly,1292.0,Yes,0.81
anomaly,100.91,Yes,0.81
anomaly,1292.0,Yes,0.81
anomaly,75.0,Yes,0.81
anomaly,1292.0,Yes,0.81
anomaly,1292.0,Yes,0.8
anomaly,1292.0,Yes,0.81
anomaly,1292.0,Yes,0.81
anomaly,75.0,Yes,0.81
normal,1292.0,Yes,0.72
normal,1292.0,Yes,0.72
anomaly,1292.0,Yes,0.8
anomaly,1292.0,Yes,0.81
anomaly,1292.0,Yes,0.81
anomaly,1292.0,Yes,0.81
anomaly,75.0,Yes,0.81
anomaly,1292.0,Yes,0.81
anomaly,1292.0,Yes,0.81
anomaly,1292.0,Yes,0.81
anomaly,1292.0,Yes,0.81
normal,1292.0,Yes,0.72
anomaly,1292.0,Yes,0.81
anomaly,1292.0,Yes,0.81
anomaly,1292.0,Yes,0.81
anomaly,1292.0,Yes,0.81
anomaly,1292.0,Yes,0.81
anomaly,76.0,Yes,0.81
anomaly,66.0,Yes,0.82
anomaly,66.0,Yes,0.82
anomaly,66.0,Yes,0.81
normal,1292.0,Yes,0.72
anomaly,77.0,Yes,0.82
anomaly,78.0,Yes,0.81
anomaly,1292.0,Yes,0.81
anomaly,84.0,Yes,0.81
anomaly,1494.0,Yes,0.82
anomaly,73.0,Yes,0.8
anomaly,1292.0,Yes,0.81
anomaly,81.0,Yes,0.81
anomaly,1292.0,Yes,0.84
anomaly,75.0,Yes,0.84
anomaly,1292.0,Yes,0.84
normal,1292.0,Yes,0.75
anomaly,1292.0,Yes,0.84
anomaly,1292.0,Yes,0.84
anomaly,1292.0,Yes,0.84
anomaly,1292.0,Yes,0.84
anomaly,74.0,Yes,0.84
anomaly,1292.0,Yes,0.84
anomaly,1292.0,Yes,0.84
anomaly,1292.0,Yes,0.81
normal,1292.0,Yes,0.75
anomaly,1292.0,Yes,0.84
anomaly,74.0,Yes,0.84
anomaly,1292.0,Yes,0.84
anomaly,1292.0,Yes,0.84
anomaly,1292.0,Yes,0.84
anomaly,1292.0,Yes,0.84
anomaly,1292.0,Yes,0.84
anomaly,74.0,Yes,0.84
anomaly,1292.0,Yes,0.84
normal,1292.0,Yes,0.75
normal,75.0,Yes,0.77
anomaly,1292.0,Yes,0.84
anomaly,1292.0,Yes,0.84
anomaly,1292.0,Yes,0.84
anomaly,1292.0,Yes,0.84
anomaly,1292.0,Yes,0.84
anomaly,1292.0,Yes,0.84
anomaly,74.0,Yes,0.84
anomaly,1292.0,Yes,0.84
normal,1292.0,Yes,0.74
anomaly,1292.0,Yes,0.84
anomaly,1292.0,Yes,0.83
anomaly,1292.0,Yes,0.84
anomaly,74.0,Yes,0.84
anomaly,1292.0,Yes,0.84
anomaly,1292.0,Yes,0.84
anomaly,1292.0,Yes,0.84
anomaly,1292.0,Yes,0.84
anomaly,74.0,Yes,0.84
anomaly,1292.0,Yes,0.84
anomaly,1292.0,Yes,0.84
anomaly,1292.0,Yes,0.84
normal,1292.0,Yes,0.75
normal,1292.0,Yes,0.74
anomaly,75.0,Yes,0.84
anomaly,1292.0,Yes,0.84
anomaly,1292.0,Yes,0.84
anomaly,1292.0,Yes,0.84
anomaly,1292.0,Yes,0.84
anomaly,1292.0,Yes,0.84
anomaly,74.0,Yes,0.84
anomaly,1292.0,Yes,0.84
anomaly,1292.0,Yes,0.84
anomaly,1292.0,Yes,0.84
normal,1292.0,Yes,0.74
normal,74.0,Yes,0.77
anomaly,1292.0,Yes,0.84
anomaly,1292.0,Yes,0.84
anomaly,1292.0,Yes,0.84
anomaly,1292.0,Yes,0.84
anomaly,1292.0,Yes,0.84
anomaly,1292.0,Yes,0.84
anomaly,1292.0,Yes,0.84
anomaly,1292.0,Yes,0.84
anomaly,75.0,Yes,0.84
anomaly,1292.0,Yes,0.84
normal,1292.0,Yes,0.75
anomaly,1292.0,Yes,0.84
anomaly,1292.0,Yes,0.84
anomaly,1292.0,Yes,0.84
anomaly,76.0,Yes,0.84
anomaly,1292.0,Yes,0.84
anomaly,1292.0,Yes,0.84
anomaly,76.0,Yes,0.84
anomaly,1292.0,Yes,0.84
anomaly,1292.0,Yes,0.84
anomaly,1292.0,Yes,0.84
anomaly,1292.0,Yes,0.84
normal,1292.0,Yes,0.74
anomaly,1292.0,Yes,0.83
anomaly,1292.0,Yes,0.84
anomaly,1292.0,Yes,0.84
anomaly,79.0,Yes,0.85
anomaly,1494.0,Yes,0.85
anomaly,1292.0,Yes,0.84
anomaly,1292.0,Yes,0.84
anomaly,1292.0,Yes,0.84
anomaly,1292.0,Yes,0.84
anomaly,1292.0,Yes,0.84
anomaly,1292.0,Yes,0.84
anomaly,1292.0,Yes,0.84
normal,75.0,Yes,0.78
normal,76.0,Yes,0.77
anomaly,1292.0,Yes,0.84
anomaly,1292.0,Yes,0.84
anomaly,76.0,Yes,0.84
anomaly,1292.0,Yes,0.84
anomaly,1292.0,Yes,0.84
anomaly,1292.0,Yes,0.84
anomaly,1292.0,Yes,0.84
normal,1292.0,Yes,0.74
anomaly,1292.0,Yes,0.84
anomaly,1292.0,Yes,0.84
anomaly,1292.0,Yes,0.84
anomaly,1292.0,Yes,0.84
anomaly,1292.0,Yes,0.84
anomaly,1292.0,Yes,0.83
anomaly,1292.0,Yes,0.84
anomaly,1292.0,Yes,0.84
anomaly,1292.0,Yes,0.84
anomaly,1292.0,Yes,0.84
anomaly,79.0,Yes,0.85
anomaly,1292.0,Yes,0.83
normal,1292.0,Yes,0.75
anomaly,1292.0,Yes,0.84
anomaly,79.0,Yes,0.84
anomaly,73.0,Yes,0.84
anomaly,1292.0,Yes,0.84
anomaly,1292.0,Yes,0.84
anomaly,1292.0,Yes,0.84
anomaly,1292.0,Yes,0.84
anomaly,75.0,Yes,0.84
anomaly,1292.0,Yes,0.84
anomaly,1292.0,Yes,0.84
anomaly,1292.0,Yes,0.84
normal,1292.0,Yes,0.74
anomaly,75.0,Yes,0.84
anomaly,1292.0,Yes,0.84
anomaly,1292.0,Yes,0.84
anomaly,1292.0,Yes,0.84
anomaly,1292.0,Yes,0.84
anomaly,1292.0,Yes,0.84
anomaly,75.0,Yes,0.84
anomaly,75.0,Yes,0.84
anomaly,1292.0,Yes,0.84
anomaly,75.0,Yes,0.84
anomaly,42.0,Yes,0.85
anomaly,1292.0,Yes,0.84
normal,1292.0,Yes,0.74
anomaly,1292.0,Yes,0.84
anomaly,1292.0,Yes,0.84
anomaly,75.0,Yes,0.84
anomaly,1292.0,Yes,0.84
anomaly,1292.0,Yes,0.84
anomaly,1292.0,Yes,0.84
anomaly,79.0,Yes,0.93
anomaly,79.0,Yes,0.93
anomaly,42.0,Yes,0.83
anomaly,42.0,Yes,0.83
anomaly,79.0,Yes,0.89
normal,79.0,Yes,0.79
anomaly,79.0,Yes,0.89
anomaly,79.0,Yes,0.93
